,serviceKey,traffic
0,Ee5WLqN4iRCKuFUsxlAF1P9anyOX5vH%2BOFG2%2BYM%2BcEoNQOg9emMEyyKM37eAmmVnl1ZxgTalHHL90VNl1B1zlg%3D%3D,0
1,Z5ilcKNuEfUpecXEfx7zC1DUkQ14RMOCnlRyrcd26XsNABq9l8JlUp6a9lB%2FrktCf22IXkr3SzhAKeWXOJWrcQ%3D%3D,0
2,Xx2HAkylYvV8NReOdvmjvyEC8IknQM0zGi6K%2FHOohlSqQYkiPHVbMGHlI4q8WQ76eWDiFIkeoLWiifvGUBRtpA%3D%3D,0
3,7oZHJT4sU22l%2FztC7xaZcrmPYkHuuw2gt%2FVz%2FZtiLdKHvTTGFJj9tZJbi2iA3VP9ThcCy4eOM7MV1L9nBiS1tw%3D%3D,0
4,GMpkYqmFQfJDk13VV798%2B0nZcpG9EMTF4TypQyMvZg76QGYxmk5F6lj22hbZI%2FfyaiOzTU%2FqsJhM57c9JTzvtA%3D%3D,0
5,key,0
6,key,0
7,key,0
8,key,0
